id,meal_name,meal_type,calories,protein_g,carbs_g,fat_g,fiber_g,sodium_mg,season,tag,allergen,createdAt,updatedAt
1,Oats Bowl,breakfast,350.0,15.0,50.0,8.0,7.0,200.0,all,recovery,,2026-03-03 15:06:15,2026-03-03 15:06:15
2,Greek Yogurt Bowl,breakfast,400.0,25.0,35.0,10.0,5.0,180.0,all,recovery,,2026-03-03 15:06:15,2026-03-03 15:06:15
3,Grilled Chicken Salad,lunch,500.0,40.0,40.0,15.0,6.0,300.0,all,recovery,,2026-03-03 15:06:15,2026-03-03 15:06:15
4,Quinoa Veg Bowl,lunch,450.0,20.0,60.0,12.0,8.0,250.0,all,recovery,,2026-03-03 15:06:15,2026-03-03 15:06:15
5,Salmon with Veggies,dinner,600.0,45.0,30.0,25.0,6.0,350.0,all,recovery,,2026-03-03 15:06:15,2026-03-03 15:06:15
6,Tofu Stir Fry,dinner,550.0,35.0,45.0,18.0,7.0,320.0,all,recovery,,2026-03-03 15:06:15,2026-03-03 15:06:15
7,Peanut Butter Toast,breakfast,359.0,33.8,42.7,11.6,7.7,321.0,all,high_protein,fish,2026-03-05 16:49:56,2026-03-05 16:49:56
8,Avocado Toast,breakfast,647.0,42.8,29.8,8.4,6.0,443.0,all,muscle_gain,wheat,2026-03-05 16:49:56,2026-03-05 16:49:56
9,Chia Pudding,breakfast,575.0,26.0,25.8,29.8,11.9,334.0,all,anti_inflammatory,soy,2026-03-05 16:49:56,2026-03-05 16:49:56
10,Almond Oatmeal,breakfast,526.0,41.8,33.9,27.9,4.7,394.0,all,recovery,peanut,2026-03-05 16:49:56,2026-03-05 16:49:56
11,Egg Omelette,breakfast,466.0,22.9,34.2,28.0,6.6,442.0,all,anti_inflammatory,peanut,2026-03-05 16:49:56,2026-03-05 16:49:56
12,Apple Cinnamon Oats,breakfast,548.0,43.6,57.4,17.4,2.4,428.0,all,recovery,milk,2026-03-05 16:49:56,2026-03-05 16:49:56
13,Apple Cinnamon Oats,breakfast,529.0,20.1,46.9,14.1,3.4,381.0,all,muscle_gain,fish,2026-03-05 16:49:56,2026-03-05 16:49:56
14,Banana Pancakes,breakfast,392.0,49.8,28.4,14.2,4.5,361.0,all,high_protein,,2026-03-05 16:49:56,2026-03-05 16:49:56
15,Spinach Egg Wrap,breakfast,518.0,49.2,48.0,23.7,7.7,160.0,all,recovery,fish,2026-03-05 16:49:56,2026-03-05 16:49:56
16,Apple Cinnamon Oats,breakfast,477.0,12.6,64.3,10.9,6.2,391.0,all,recovery,peanut,2026-03-05 16:49:56,2026-03-05 16:49:56
17,Granola Yogurt,breakfast,547.0,47.1,65.7,29.1,7.4,193.0,all,anti_inflammatory,,2026-03-05 16:49:56,2026-03-05 16:49:56
18,Greek Yogurt Bowl,breakfast,509.0,21.1,32.7,19.4,3.8,223.0,all,high_protein,fish,2026-03-05 16:49:56,2026-03-05 16:49:56
19,Berry Smoothie,breakfast,574.0,18.8,41.8,29.4,4.2,290.0,all,energy,egg,2026-03-05 16:49:56,2026-03-05 16:49:56
20,Greek Yogurt Bowl,breakfast,362.0,30.1,33.9,13.9,5.6,266.0,all,muscle_gain,,2026-03-05 16:49:56,2026-03-05 16:49:56
21,Protein Pancakes,breakfast,461.0,22.2,45.0,13.9,10.4,301.0,all,high_protein,peanut,2026-03-05 16:49:56,2026-03-05 16:49:56
22,Muesli Bowl,breakfast,599.0,13.2,52.4,19.8,10.0,152.0,all,muscle_gain,,2026-03-05 16:49:56,2026-03-05 16:49:56
23,Avocado Toast,breakfast,429.0,48.4,42.2,29.9,11.3,431.0,all,anti_inflammatory,wheat,2026-03-05 16:49:56,2026-03-05 16:49:56
24,Spinach Egg Wrap,breakfast,498.0,40.8,49.7,14.5,7.1,241.0,all,anti_inflammatory,soy,2026-03-05 16:49:56,2026-03-05 16:49:56
25,Avocado Toast,breakfast,599.0,25.6,37.0,11.2,7.5,347.0,all,high_protein,fish,2026-03-05 16:49:56,2026-03-05 16:49:56
26,Greek Yogurt Bowl,breakfast,405.0,45.9,28.6,18.4,9.2,294.0,all,muscle_gain,fish,2026-03-05 16:49:56,2026-03-05 16:49:56
27,Vegetable Omelette,breakfast,646.0,24.3,24.0,9.9,5.8,220.0,all,high_protein,soy,2026-03-05 16:49:56,2026-03-05 16:49:56
28,Egg Omelette,breakfast,588.0,30.1,29.2,10.4,5.2,389.0,all,anti_inflammatory,wheat,2026-03-05 16:49:56,2026-03-05 16:49:56
29,Greek Yogurt Bowl,breakfast,464.0,20.5,43.9,15.3,6.5,271.0,all,recovery,wheat,2026-03-05 16:49:56,2026-03-05 16:49:56
30,Protein Pancakes,breakfast,395.0,42.4,66.8,22.8,2.3,258.0,all,recovery,egg,2026-03-05 16:49:56,2026-03-05 16:49:56
31,Peanut Butter Toast,breakfast,616.0,32.6,46.2,18.2,4.3,199.0,all,energy,egg,2026-03-05 16:49:56,2026-03-05 16:49:56
32,Egg Omelette,breakfast,405.0,46.3,30.9,12.3,9.7,429.0,all,energy,egg,2026-03-05 16:49:56,2026-03-05 16:49:56
33,Protein Pancakes,breakfast,524.0,32.5,65.6,24.9,4.0,429.0,all,energy,fish,2026-03-05 16:49:56,2026-03-05 16:49:56
34,Greek Yogurt Bowl,breakfast,524.0,16.7,56.3,9.4,5.4,244.0,all,anti_inflammatory,fish,2026-03-05 16:49:56,2026-03-05 16:49:56
35,Vegetable Omelette,breakfast,444.0,48.3,45.5,19.9,3.6,431.0,all,energy,soy,2026-03-05 16:49:56,2026-03-05 16:49:56
36,Almond Oatmeal,breakfast,428.0,16.2,45.9,28.5,9.6,401.0,all,high_protein,milk,2026-03-05 16:49:56,2026-03-05 16:49:56
37,Banana Pancakes,breakfast,459.0,14.4,58.1,27.1,9.9,310.0,all,high_protein,wheat,2026-03-05 16:49:56,2026-03-05 16:49:56
38,Berry Smoothie,breakfast,622.0,27.8,56.1,27.7,5.7,374.0,all,high_protein,,2026-03-05 16:49:56,2026-03-05 16:49:56
39,Peanut Butter Toast,breakfast,524.0,35.3,21.3,5.2,3.1,182.0,all,high_protein,wheat,2026-03-05 16:49:56,2026-03-05 16:49:56
40,Almond Oatmeal,breakfast,402.0,48.0,36.3,7.7,4.0,226.0,all,recovery,peanut,2026-03-05 16:49:56,2026-03-05 16:49:56
41,Muesli Bowl,breakfast,317.0,43.8,52.5,23.8,12.0,326.0,all,recovery,soy,2026-03-05 16:49:56,2026-03-05 16:49:56
42,Peanut Butter Toast,breakfast,502.0,36.4,33.9,26.9,7.1,344.0,all,muscle_gain,egg,2026-03-05 16:49:56,2026-03-05 16:49:56
43,Egg Omelette,breakfast,390.0,19.2,59.4,18.3,8.7,316.0,all,muscle_gain,soy,2026-03-05 16:49:56,2026-03-05 16:49:56
44,Avocado Toast,breakfast,377.0,12.3,25.9,11.8,9.0,282.0,all,anti_inflammatory,egg,2026-03-05 16:49:56,2026-03-05 16:49:56
45,Vegetable Omelette,breakfast,369.0,39.7,43.5,17.8,8.3,190.0,all,anti_inflammatory,wheat,2026-03-05 16:49:56,2026-03-05 16:49:56
46,Chia Pudding,breakfast,617.0,35.8,28.8,19.5,7.9,355.0,all,muscle_gain,peanut,2026-03-05 16:49:56,2026-03-05 16:49:56
47,Greek Yogurt Bowl,breakfast,315.0,39.5,64.8,8.3,7.1,406.0,all,energy,peanut,2026-03-05 16:49:56,2026-03-05 16:49:56
48,Banana Pancakes,breakfast,582.0,35.5,69.4,20.3,6.1,175.0,all,anti_inflammatory,egg,2026-03-05 16:49:56,2026-03-05 16:49:56
49,Peanut Butter Toast,breakfast,452.0,30.3,47.6,19.6,4.2,166.0,all,high_protein,wheat,2026-03-05 16:49:56,2026-03-05 16:49:56
50,Granola Yogurt,breakfast,614.0,44.8,66.7,20.2,6.5,234.0,all,muscle_gain,,2026-03-05 16:49:56,2026-03-05 16:49:56
51,Avocado Toast,breakfast,513.0,32.5,43.9,11.3,5.2,438.0,all,anti_inflammatory,soy,2026-03-05 16:49:56,2026-03-05 16:49:56
52,Banana Pancakes,breakfast,414.0,28.9,46.7,22.8,3.1,432.0,all,energy,peanut,2026-03-05 16:49:56,2026-03-05 16:49:56
53,Oatmeal Bowl,breakfast,485.0,45.3,42.0,22.5,5.7,243.0,all,high_protein,egg,2026-03-05 16:49:56,2026-03-05 16:49:56
54,Oatmeal Bowl,breakfast,344.0,34.6,31.5,9.6,6.6,200.0,all,high_protein,egg,2026-03-05 16:49:56,2026-03-05 16:49:56
55,Almond Oatmeal,breakfast,359.0,19.4,53.8,19.4,8.4,179.0,all,anti_inflammatory,fish,2026-03-05 16:49:56,2026-03-05 16:49:56
56,Muesli Bowl,breakfast,364.0,49.4,42.4,21.8,3.4,361.0,all,anti_inflammatory,fish,2026-03-05 16:49:56,2026-03-05 16:49:56
57,Berry Smoothie,breakfast,441.0,25.1,64.5,22.3,8.2,323.0,all,anti_inflammatory,egg,2026-03-05 16:49:56,2026-03-05 16:49:56
58,Almond Oatmeal,breakfast,360.0,12.6,41.6,18.6,5.0,275.0,all,anti_inflammatory,fish,2026-03-05 16:49:56,2026-03-05 16:49:56
59,Apple Cinnamon Oats,breakfast,327.0,20.0,47.8,22.2,7.5,159.0,all,anti_inflammatory,,2026-03-05 16:49:56,2026-03-05 16:49:56
60,Berry Smoothie,breakfast,618.0,43.0,24.1,29.4,8.7,321.0,all,anti_inflammatory,soy,2026-03-05 16:49:56,2026-03-05 16:49:56
61,Granola Yogurt,breakfast,316.0,27.0,56.6,23.1,7.1,365.0,all,high_protein,peanut,2026-03-05 16:49:56,2026-03-05 16:49:56
62,Chia Pudding,breakfast,464.0,20.5,50.6,17.7,3.4,175.0,all,energy,egg,2026-03-05 16:49:56,2026-03-05 16:49:56
63,Vegetable Omelette,breakfast,543.0,25.4,52.4,5.9,10.6,232.0,all,high_protein,soy,2026-03-05 16:49:56,2026-03-05 16:49:56
64,Oatmeal Bowl,breakfast,429.0,47.7,67.6,18.2,10.6,279.0,all,anti_inflammatory,soy,2026-03-05 16:49:56,2026-03-05 16:49:56
65,Protein Pancakes,breakfast,412.0,29.0,58.0,28.8,3.0,248.0,all,high_protein,egg,2026-03-05 16:49:56,2026-03-05 16:49:56
66,Granola Yogurt,breakfast,576.0,38.1,51.5,6.3,5.3,308.0,all,high_protein,wheat,2026-03-05 16:49:56,2026-03-05 16:49:56
67,Vegetable Omelette,breakfast,380.0,22.9,49.0,10.9,2.8,406.0,all,anti_inflammatory,fish,2026-03-05 16:49:56,2026-03-05 16:49:56
68,Egg Omelette,breakfast,379.0,42.3,27.4,12.1,9.5,294.0,all,recovery,egg,2026-03-05 16:49:56,2026-03-05 16:49:56
69,Oatmeal Bowl,breakfast,310.0,41.4,52.6,16.0,11.2,272.0,all,recovery,milk,2026-03-05 16:49:56,2026-03-05 16:49:56
70,Spinach Egg Wrap,breakfast,432.0,25.8,54.5,16.4,2.8,412.0,all,muscle_gain,soy,2026-03-05 16:49:56,2026-03-05 16:49:56
71,Egg Omelette,breakfast,648.0,33.2,24.6,19.9,7.2,265.0,all,muscle_gain,wheat,2026-03-05 16:49:56,2026-03-05 16:49:56
72,Peanut Butter Toast,breakfast,390.0,29.2,39.8,18.3,10.9,152.0,all,high_protein,,2026-03-05 16:49:56,2026-03-05 16:49:56
73,Spinach Egg Wrap,breakfast,321.0,43.9,32.5,20.3,8.5,155.0,all,recovery,fish,2026-03-05 16:49:56,2026-03-05 16:49:56
74,Avocado Toast,breakfast,510.0,30.3,52.6,8.1,11.7,284.0,all,recovery,milk,2026-03-05 16:49:56,2026-03-05 16:49:56
75,Spinach Egg Wrap,breakfast,459.0,31.5,44.3,25.2,9.7,289.0,all,recovery,milk,2026-03-05 16:49:56,2026-03-05 16:49:56
76,Muesli Bowl,breakfast,388.0,31.1,69.4,12.0,2.4,353.0,all,recovery,egg,2026-03-05 16:49:56,2026-03-05 16:49:56
77,Granola Yogurt,breakfast,571.0,27.4,57.0,10.1,4.2,219.0,all,muscle_gain,peanut,2026-03-05 16:49:56,2026-03-05 16:49:56
78,Almond Oatmeal,breakfast,311.0,30.7,63.1,12.7,11.2,334.0,all,energy,milk,2026-03-05 16:49:56,2026-03-05 16:49:56
79,Berry Smoothie,breakfast,356.0,24.5,48.6,25.5,11.9,309.0,all,recovery,,2026-03-05 16:49:56,2026-03-05 16:49:56
80,Peanut Butter Toast,breakfast,583.0,24.4,53.1,15.4,11.6,320.0,all,high_protein,egg,2026-03-05 16:49:56,2026-03-05 16:49:56
81,Chia Pudding,breakfast,347.0,13.8,46.7,8.6,7.7,435.0,all,muscle_gain,wheat,2026-03-05 16:49:56,2026-03-05 16:49:56
82,Berry Smoothie,breakfast,529.0,31.9,20.2,24.0,6.1,447.0,all,muscle_gain,fish,2026-03-05 16:49:56,2026-03-05 16:49:56
83,Berry Smoothie,breakfast,629.0,15.7,41.0,9.9,10.7,218.0,all,muscle_gain,peanut,2026-03-05 16:49:56,2026-03-05 16:49:56
84,Egg Omelette,breakfast,594.0,29.2,26.3,9.3,3.1,433.0,all,anti_inflammatory,soy,2026-03-05 16:49:56,2026-03-05 16:49:56
85,Greek Yogurt Bowl,breakfast,398.0,18.4,59.8,12.8,4.1,428.0,all,recovery,,2026-03-05 16:49:56,2026-03-05 16:49:56
86,Muesli Bowl,breakfast,568.0,40.0,58.4,28.2,7.2,377.0,all,high_protein,milk,2026-03-05 16:49:56,2026-03-05 16:49:56
87,Peanut Butter Toast,breakfast,601.0,39.7,30.5,14.9,2.6,360.0,all,muscle_gain,egg,2026-03-05 16:49:56,2026-03-05 16:49:56
88,Greek Yogurt Bowl,breakfast,428.0,26.9,66.1,26.6,2.2,279.0,all,high_protein,soy,2026-03-05 16:49:56,2026-03-05 16:49:56
89,Almond Oatmeal,breakfast,393.0,16.2,37.8,20.3,6.2,429.0,all,muscle_gain,,2026-03-05 16:49:56,2026-03-05 16:49:56
90,Oatmeal Bowl,breakfast,407.0,35.0,47.5,14.9,3.9,194.0,all,high_protein,egg,2026-03-05 16:49:56,2026-03-05 16:49:56
91,Berry Smoothie,breakfast,386.0,46.5,43.9,20.1,2.0,249.0,all,muscle_gain,milk,2026-03-05 16:49:56,2026-03-05 16:49:56
92,Spinach Egg Wrap,breakfast,472.0,36.2,32.2,7.5,11.7,217.0,all,recovery,fish,2026-03-05 16:49:56,2026-03-05 16:49:56
93,Spinach Egg Wrap,breakfast,565.0,44.8,65.7,8.7,11.0,314.0,all,energy,peanut,2026-03-05 16:49:56,2026-03-05 16:49:56
94,Almond Oatmeal,breakfast,442.0,12.7,22.2,24.9,10.5,439.0,all,recovery,,2026-03-05 16:49:56,2026-03-05 16:49:56
95,Peanut Butter Toast,breakfast,523.0,46.7,51.3,16.2,10.0,160.0,all,high_protein,egg,2026-03-05 16:49:56,2026-03-05 16:49:56
96,Muesli Bowl,breakfast,411.0,39.9,69.3,20.6,5.8,261.0,all,high_protein,wheat,2026-03-05 16:49:56,2026-03-05 16:49:56
97,Vegetable Omelette,breakfast,311.0,27.8,53.8,13.2,8.8,239.0,all,recovery,milk,2026-03-05 16:49:56,2026-03-05 16:49:56
98,Banana Pancakes,breakfast,540.0,19.3,26.2,7.2,3.9,446.0,all,high_protein,wheat,2026-03-05 16:49:56,2026-03-05 16:49:56
99,Berry Smoothie,breakfast,575.0,29.4,35.3,26.1,10.5,168.0,all,recovery,egg,2026-03-05 16:49:56,2026-03-05 16:49:56
100,Egg Omelette,breakfast,558.0,33.1,25.7,6.9,4.7,250.0,all,anti_inflammatory,wheat,2026-03-05 16:49:56,2026-03-05 16:49:56
101,Chia Pudding,breakfast,465.0,36.2,45.5,29.4,9.8,411.0,all,energy,wheat,2026-03-05 16:49:56,2026-03-05 16:49:56
102,Apple Cinnamon Oats,breakfast,574.0,48.3,61.7,28.0,10.3,270.0,all,energy,soy,2026-03-05 16:49:56,2026-03-05 16:49:56
103,Greek Yogurt Bowl,breakfast,374.0,25.5,55.0,8.8,5.6,233.0,all,anti_inflammatory,milk,2026-03-05 16:49:56,2026-03-05 16:49:56
104,Spinach Egg Wrap,breakfast,638.0,19.5,29.9,17.7,3.0,179.0,all,anti_inflammatory,fish,2026-03-05 16:49:56,2026-03-05 16:49:56
105,Apple Cinnamon Oats,breakfast,515.0,42.4,54.5,26.7,5.8,324.0,all,energy,,2026-03-05 16:49:56,2026-03-05 16:49:56
106,Chia Pudding,breakfast,515.0,24.0,62.1,7.4,3.1,415.0,all,recovery,soy,2026-03-05 16:49:56,2026-03-05 16:49:56
107,Chicken Rice Bowl,lunch,595.0,14.1,60.2,15.7,7.3,204.0,all,muscle_gain,milk,2026-03-05 16:49:56,2026-03-05 16:49:56
108,Shrimp Rice Plate,lunch,529.0,39.4,23.6,8.6,6.3,170.0,all,muscle_gain,peanut,2026-03-05 16:49:56,2026-03-05 16:49:56
109,Salmon Grain Bowl,lunch,319.0,22.7,36.1,12.2,3.3,273.0,all,muscle_gain,,2026-03-05 16:49:56,2026-03-05 16:49:56
110,Grilled Fish Plate,lunch,647.0,13.8,20.2,8.6,9.5,340.0,all,high_protein,soy,2026-03-05 16:49:56,2026-03-05 16:49:56
111,Veggie Pasta,lunch,640.0,37.7,57.7,23.4,2.9,267.0,all,high_protein,,2026-03-05 16:49:56,2026-03-05 16:49:56
112,Salmon Grain Bowl,lunch,335.0,38.1,35.9,6.7,6.3,352.0,all,energy,egg,2026-03-05 16:49:56,2026-03-05 16:49:56
113,Turkey Sandwich,lunch,366.0,13.7,34.3,5.9,7.9,329.0,all,high_protein,fish,2026-03-05 16:49:56,2026-03-05 16:49:56
114,Paneer Salad,lunch,383.0,20.8,29.0,21.1,2.5,222.0,all,energy,milk,2026-03-05 16:49:56,2026-03-05 16:49:56
115,Turkey Sandwich,lunch,446.0,44.1,61.1,29.3,9.1,173.0,all,anti_inflammatory,egg,2026-03-05 16:49:56,2026-03-05 16:49:56
116,Lentil Veg Bowl,lunch,616.0,37.3,62.1,18.6,2.0,276.0,all,high_protein,peanut,2026-03-05 16:49:56,2026-03-05 16:49:56
117,Grilled Fish Plate,lunch,525.0,49.9,21.4,10.4,5.0,397.0,all,high_protein,egg,2026-03-05 16:49:56,2026-03-05 16:49:56
118,Grilled Chicken Salad,lunch,418.0,14.3,61.8,9.3,5.1,329.0,all,high_protein,fish,2026-03-05 16:49:56,2026-03-05 16:49:56
119,Beef Burrito Bowl,lunch,391.0,41.9,26.3,5.4,8.2,204.0,all,recovery,wheat,2026-03-05 16:49:56,2026-03-05 16:49:56
120,Chicken Rice Bowl,lunch,626.0,30.3,39.7,28.7,9.3,160.0,all,muscle_gain,,2026-03-05 16:49:56,2026-03-05 16:49:56
121,Grilled Chicken Salad,lunch,603.0,33.3,26.3,25.6,3.6,234.0,all,anti_inflammatory,soy,2026-03-05 16:49:56,2026-03-05 16:49:56
122,Turkey Sandwich,lunch,551.0,26.9,65.0,23.5,7.7,157.0,all,high_protein,,2026-03-05 16:49:56,2026-03-05 16:49:56
123,Veggie Wrap,lunch,440.0,25.5,26.7,29.3,7.5,434.0,all,high_protein,wheat,2026-03-05 16:49:56,2026-03-05 16:49:56
124,Veggie Pasta,lunch,557.0,15.2,36.6,13.0,10.3,174.0,all,muscle_gain,peanut,2026-03-05 16:49:56,2026-03-05 16:49:56
125,Veggie Pasta,lunch,309.0,27.0,58.0,13.4,2.6,410.0,all,energy,wheat,2026-03-05 16:49:56,2026-03-05 16:49:56
126,Chicken Caesar Salad,lunch,310.0,37.5,36.9,25.9,4.4,412.0,all,muscle_gain,wheat,2026-03-05 16:49:56,2026-03-05 16:49:56
127,Turkey Sandwich,lunch,320.0,33.1,35.1,24.4,6.8,226.0,all,recovery,,2026-03-05 16:49:56,2026-03-05 16:49:56
128,Tofu Buddha Bowl,lunch,303.0,14.9,56.8,15.3,8.1,353.0,all,muscle_gain,peanut,2026-03-05 16:49:56,2026-03-05 16:49:56
129,Lentil Veg Bowl,lunch,517.0,33.8,29.9,25.2,7.2,422.0,all,high_protein,soy,2026-03-05 16:49:56,2026-03-05 16:49:56
130,Beef Burrito Bowl,lunch,330.0,29.4,61.5,8.7,7.0,280.0,all,anti_inflammatory,egg,2026-03-05 16:49:56,2026-03-05 16:49:56
131,Grilled Chicken Salad,lunch,614.0,42.6,42.9,23.7,4.7,151.0,all,recovery,,2026-03-05 16:49:56,2026-03-05 16:49:56
132,Grilled Fish Plate,lunch,390.0,41.5,62.7,5.0,11.0,257.0,all,energy,milk,2026-03-05 16:49:56,2026-03-05 16:49:56
133,Chickpea Bowl,lunch,555.0,24.0,52.6,22.7,3.7,312.0,all,muscle_gain,peanut,2026-03-05 16:49:56,2026-03-05 16:49:56
134,Tofu Buddha Bowl,lunch,352.0,20.7,54.8,24.5,3.1,186.0,all,anti_inflammatory,wheat,2026-03-05 16:49:56,2026-03-05 16:49:56
135,Veggie Pasta,lunch,520.0,37.7,64.4,6.3,3.3,242.0,all,recovery,soy,2026-03-05 16:49:56,2026-03-05 16:49:56
136,Lentil Veg Bowl,lunch,315.0,30.5,52.4,28.2,8.2,207.0,all,anti_inflammatory,wheat,2026-03-05 16:49:56,2026-03-05 16:49:56
137,Veggie Wrap,lunch,543.0,14.4,39.0,7.3,4.5,178.0,all,recovery,wheat,2026-03-05 16:49:56,2026-03-05 16:49:56
138,Quinoa Veg Bowl,lunch,580.0,12.9,42.0,15.9,3.4,196.0,all,anti_inflammatory,,2026-03-05 16:49:56,2026-03-05 16:49:56
139,Grilled Fish Plate,lunch,575.0,49.8,35.1,9.0,9.3,392.0,all,energy,fish,2026-03-05 16:49:56,2026-03-05 16:49:56
140,Chicken Rice Bowl,lunch,355.0,30.6,51.4,16.7,11.7,221.0,all,recovery,fish,2026-03-05 16:49:56,2026-03-05 16:49:56
141,Shrimp Rice Plate,lunch,468.0,20.0,42.3,21.7,3.3,170.0,all,high_protein,,2026-03-05 16:49:56,2026-03-05 16:49:56
142,Chickpea Bowl,lunch,544.0,46.3,67.0,15.6,9.8,164.0,all,high_protein,wheat,2026-03-05 16:49:56,2026-03-05 16:49:56
143,Beef Burrito Bowl,lunch,511.0,24.1,25.1,7.7,10.6,295.0,all,high_protein,fish,2026-03-05 16:49:56,2026-03-05 16:49:56
144,Tofu Buddha Bowl,lunch,445.0,19.8,56.7,29.3,3.4,435.0,all,anti_inflammatory,egg,2026-03-05 16:49:56,2026-03-05 16:49:56
145,Quinoa Veg Bowl,lunch,377.0,30.0,63.7,18.1,8.4,158.0,all,energy,milk,2026-03-05 16:49:56,2026-03-05 16:49:56
146,Grilled Fish Plate,lunch,539.0,40.5,45.8,24.9,9.6,232.0,all,energy,peanut,2026-03-05 16:49:56,2026-03-05 16:49:56
147,Grilled Fish Plate,lunch,478.0,47.0,31.4,7.5,11.6,230.0,all,muscle_gain,egg,2026-03-05 16:49:56,2026-03-05 16:49:56
148,Veggie Pasta,lunch,379.0,43.6,31.9,13.3,2.7,382.0,all,muscle_gain,wheat,2026-03-05 16:49:56,2026-03-05 16:49:56
149,Tofu Buddha Bowl,lunch,602.0,35.7,44.3,5.3,6.4,152.0,all,high_protein,milk,2026-03-05 16:49:56,2026-03-05 16:49:56
150,Tofu Buddha Bowl,lunch,542.0,36.9,28.7,9.3,6.4,163.0,all,recovery,egg,2026-03-05 16:49:56,2026-03-05 16:49:56
151,Chicken Caesar Salad,lunch,431.0,34.9,61.2,21.9,7.7,333.0,all,muscle_gain,peanut,2026-03-05 16:49:56,2026-03-05 16:49:56
152,Chickpea Bowl,lunch,531.0,17.5,46.0,20.2,3.6,254.0,all,recovery,peanut,2026-03-05 16:49:56,2026-03-05 16:49:56
153,Chicken Rice Bowl,lunch,387.0,33.9,34.1,13.8,5.2,378.0,all,energy,fish,2026-03-05 16:49:56,2026-03-05 16:49:56
154,Chickpea Bowl,lunch,563.0,24.6,55.9,25.0,10.6,206.0,all,recovery,egg,2026-03-05 16:49:56,2026-03-05 16:49:56
155,Grilled Fish Plate,lunch,555.0,20.8,66.7,6.0,8.4,427.0,all,anti_inflammatory,peanut,2026-03-05 16:49:56,2026-03-05 16:49:56
156,Veggie Wrap,lunch,411.0,41.3,68.7,20.6,10.8,437.0,all,recovery,milk,2026-03-05 16:49:56,2026-03-05 16:49:56
157,Chickpea Bowl,lunch,580.0,16.1,25.9,24.8,7.2,200.0,all,muscle_gain,,2026-03-05 16:49:56,2026-03-05 16:49:56
158,Salmon Grain Bowl,lunch,493.0,28.3,46.8,8.1,9.5,183.0,all,muscle_gain,wheat,2026-03-05 16:49:56,2026-03-05 16:49:56
159,Salmon Grain Bowl,lunch,467.0,43.9,20.6,12.1,6.3,176.0,all,muscle_gain,milk,2026-03-05 16:49:56,2026-03-05 16:49:56
160,Tofu Buddha Bowl,lunch,402.0,44.9,35.7,8.7,2.0,444.0,all,energy,soy,2026-03-05 16:49:56,2026-03-05 16:49:56
161,Turkey Sandwich,lunch,512.0,45.2,26.9,6.5,2.6,178.0,all,anti_inflammatory,soy,2026-03-05 16:49:56,2026-03-05 16:49:56
162,Veggie Pasta,lunch,352.0,20.5,61.6,20.5,3.7,258.0,all,high_protein,,2026-03-05 16:49:56,2026-03-05 16:49:56
163,Salmon Grain Bowl,lunch,531.0,29.7,28.8,15.1,11.5,152.0,all,anti_inflammatory,peanut,2026-03-05 16:49:56,2026-03-05 16:49:56
164,Turkey Sandwich,lunch,533.0,38.8,38.2,27.4,8.4,349.0,all,anti_inflammatory,milk,2026-03-05 16:49:56,2026-03-05 16:49:56
165,Lentil Veg Bowl,lunch,605.0,19.7,32.7,24.2,2.9,444.0,all,high_protein,wheat,2026-03-05 16:49:56,2026-03-05 16:49:56
166,Tofu Buddha Bowl,lunch,342.0,30.2,54.4,23.6,5.7,184.0,all,recovery,peanut,2026-03-05 16:49:56,2026-03-05 16:49:56
167,Chickpea Bowl,lunch,472.0,30.4,27.3,9.3,5.9,214.0,all,muscle_gain,soy,2026-03-05 16:49:56,2026-03-05 16:49:56
168,Grilled Chicken Salad,lunch,317.0,39.8,51.5,13.8,5.4,171.0,all,muscle_gain,wheat,2026-03-05 16:49:56,2026-03-05 16:49:56
169,Grilled Chicken Salad,lunch,574.0,46.9,48.7,26.0,3.5,440.0,all,recovery,milk,2026-03-05 16:49:56,2026-03-05 16:49:56
170,Chicken Caesar Salad,lunch,378.0,17.5,61.0,18.9,4.3,226.0,all,muscle_gain,soy,2026-03-05 16:49:56,2026-03-05 16:49:56
171,Quinoa Veg Bowl,lunch,590.0,49.1,29.3,7.9,11.8,438.0,all,energy,milk,2026-03-05 16:49:56,2026-03-05 16:49:56
172,Chicken Rice Bowl,lunch,508.0,23.7,22.2,28.0,3.3,355.0,all,recovery,soy,2026-03-05 16:49:56,2026-03-05 16:49:56
173,Quinoa Veg Bowl,lunch,453.0,18.6,47.7,24.7,8.3,448.0,all,energy,,2026-03-05 16:49:56,2026-03-05 16:49:56
174,Veggie Wrap,lunch,550.0,32.0,54.6,25.9,11.3,449.0,all,energy,fish,2026-03-05 16:49:56,2026-03-05 16:49:56
175,Lentil Veg Bowl,lunch,389.0,34.9,58.5,21.0,9.6,274.0,all,anti_inflammatory,,2026-03-05 16:49:56,2026-03-05 16:49:56
176,Paneer Salad,lunch,366.0,36.2,24.7,14.8,3.5,416.0,all,recovery,egg,2026-03-05 16:49:56,2026-03-05 16:49:56
177,Chickpea Bowl,lunch,489.0,28.8,28.9,25.1,5.4,271.0,all,anti_inflammatory,soy,2026-03-05 16:49:56,2026-03-05 16:49:56
178,Quinoa Veg Bowl,lunch,421.0,32.3,55.0,20.8,5.4,186.0,all,high_protein,egg,2026-03-05 16:49:56,2026-03-05 16:49:56
179,Salmon Grain Bowl,lunch,333.0,27.8,56.0,15.5,6.4,258.0,all,high_protein,egg,2026-03-05 16:49:56,2026-03-05 16:49:56
180,Beef Burrito Bowl,lunch,425.0,36.4,26.7,12.4,3.2,343.0,all,muscle_gain,peanut,2026-03-05 16:49:56,2026-03-05 16:49:56
181,Turkey Sandwich,lunch,436.0,31.0,36.8,26.3,5.9,380.0,all,anti_inflammatory,fish,2026-03-05 16:49:56,2026-03-05 16:49:56
182,Tofu Buddha Bowl,lunch,510.0,48.6,41.7,10.4,6.1,427.0,all,recovery,wheat,2026-03-05 16:49:56,2026-03-05 16:49:56
183,Chickpea Bowl,lunch,312.0,41.4,37.6,12.3,9.0,153.0,all,recovery,soy,2026-03-05 16:49:56,2026-03-05 16:49:56
184,Grilled Fish Plate,lunch,471.0,25.5,24.9,17.1,10.5,301.0,all,anti_inflammatory,peanut,2026-03-05 16:49:56,2026-03-05 16:49:56
185,Veggie Pasta,lunch,577.0,31.3,55.2,10.0,3.2,237.0,all,recovery,milk,2026-03-05 16:49:56,2026-03-05 16:49:56
186,Chicken Rice Bowl,lunch,354.0,15.9,23.6,28.7,6.4,288.0,all,energy,,2026-03-05 16:49:56,2026-03-05 16:49:56
187,Grilled Chicken Salad,lunch,300.0,29.3,22.3,12.3,10.6,251.0,all,energy,fish,2026-03-05 16:49:56,2026-03-05 16:49:56
188,Paneer Salad,lunch,356.0,47.7,54.6,14.7,5.7,352.0,all,anti_inflammatory,milk,2026-03-05 16:49:56,2026-03-05 16:49:56
189,Salmon Grain Bowl,lunch,340.0,41.9,36.2,18.4,5.6,262.0,all,anti_inflammatory,soy,2026-03-05 16:49:56,2026-03-05 16:49:56
190,Chickpea Bowl,lunch,574.0,19.8,54.4,9.4,9.3,231.0,all,muscle_gain,fish,2026-03-05 16:49:56,2026-03-05 16:49:56
191,Turkey Sandwich,lunch,348.0,12.5,21.1,15.1,6.3,254.0,all,high_protein,peanut,2026-03-05 16:49:56,2026-03-05 16:49:56
192,Chickpea Bowl,lunch,440.0,49.7,57.8,21.3,9.9,344.0,all,energy,milk,2026-03-05 16:49:56,2026-03-05 16:49:56
193,Tofu Buddha Bowl,lunch,447.0,46.6,67.5,11.0,6.8,391.0,all,anti_inflammatory,fish,2026-03-05 16:49:56,2026-03-05 16:49:56
194,Veggie Pasta,lunch,332.0,38.2,23.1,26.8,5.6,416.0,all,anti_inflammatory,fish,2026-03-05 16:49:56,2026-03-05 16:49:56
195,Paneer Salad,lunch,478.0,47.6,68.7,10.5,8.4,344.0,all,high_protein,soy,2026-03-05 16:49:56,2026-03-05 16:49:56
196,Quinoa Veg Bowl,lunch,300.0,36.5,32.7,13.3,7.0,239.0,all,recovery,wheat,2026-03-05 16:49:56,2026-03-05 16:49:56
197,Chickpea Bowl,lunch,554.0,32.1,65.8,10.7,7.6,273.0,all,muscle_gain,,2026-03-05 16:49:56,2026-03-05 16:49:56
198,Quinoa Veg Bowl,lunch,616.0,46.6,23.8,8.7,8.1,273.0,all,anti_inflammatory,soy,2026-03-05 16:49:56,2026-03-05 16:49:56
199,Veggie Pasta,lunch,427.0,13.3,56.2,11.3,4.5,355.0,all,high_protein,fish,2026-03-05 16:49:56,2026-03-05 16:49:56
200,Chickpea Bowl,lunch,637.0,40.7,38.0,20.4,6.8,181.0,all,energy,,2026-03-05 16:49:56,2026-03-05 16:49:56
201,Grilled Chicken Salad,lunch,370.0,30.8,43.2,17.4,2.4,439.0,all,high_protein,wheat,2026-03-05 16:49:56,2026-03-05 16:49:56
202,Grilled Fish Plate,lunch,623.0,49.4,20.5,11.7,11.6,433.0,all,recovery,wheat,2026-03-05 16:49:56,2026-03-05 16:49:56
203,Tofu Buddha Bowl,lunch,503.0,15.3,63.1,21.9,7.3,397.0,all,muscle_gain,milk,2026-03-05 16:49:56,2026-03-05 16:49:56
204,Beef Burrito Bowl,lunch,650.0,47.7,58.4,26.7,6.0,412.0,all,muscle_gain,,2026-03-05 16:49:56,2026-03-05 16:49:56
205,Grilled Chicken Salad,lunch,351.0,42.6,48.9,25.0,4.0,364.0,all,high_protein,wheat,2026-03-05 16:49:56,2026-03-05 16:49:56
206,Shrimp Rice Plate,lunch,561.0,47.3,20.2,27.3,3.7,357.0,all,energy,fish,2026-03-05 16:49:56,2026-03-05 16:49:56
207,Chicken Sweet Potato,dinner,362.0,32.5,20.4,12.9,9.6,162.0,all,high_protein,milk,2026-03-05 16:49:56,2026-03-05 16:49:56
208,Lentil Curry,dinner,433.0,24.4,55.6,8.4,7.8,246.0,all,muscle_gain,soy,2026-03-05 16:49:56,2026-03-05 16:49:56
209,Tofu Veg Bowl,dinner,599.0,35.5,69.1,5.6,4.4,407.0,all,recovery,fish,2026-03-05 16:49:56,2026-03-05 16:49:56
210,Lentil Curry,dinner,311.0,31.4,49.1,12.8,3.2,221.0,all,recovery,peanut,2026-03-05 16:49:56,2026-03-05 16:49:56
211,Grilled Salmon,dinner,552.0,47.1,35.1,9.5,7.0,323.0,all,recovery,wheat,2026-03-05 16:49:56,2026-03-05 16:49:56
212,Grilled Salmon,dinner,643.0,22.0,25.0,13.5,6.6,206.0,all,muscle_gain,peanut,2026-03-05 16:49:56,2026-03-05 16:49:56
213,Tofu Veg Bowl,dinner,475.0,12.3,42.0,25.4,2.6,170.0,all,recovery,,2026-03-05 16:49:56,2026-03-05 16:49:56
214,Paneer Curry,dinner,433.0,18.0,30.8,20.5,4.0,158.0,all,energy,wheat,2026-03-05 16:49:56,2026-03-05 16:49:56
215,Vegetable Curry,dinner,397.0,23.5,20.7,12.8,6.8,157.0,all,high_protein,peanut,2026-03-05 16:49:56,2026-03-05 16:49:56
216,Grilled Salmon,dinner,650.0,17.9,28.2,21.7,11.2,198.0,all,energy,peanut,2026-03-05 16:49:56,2026-03-05 16:49:56
217,Tofu Veg Bowl,dinner,580.0,42.7,46.1,16.7,6.3,288.0,all,muscle_gain,egg,2026-03-05 16:49:56,2026-03-05 16:49:56
218,Fish Veg Plate,dinner,446.0,18.7,33.5,16.9,6.0,192.0,all,anti_inflammatory,fish,2026-03-05 16:49:56,2026-03-05 16:49:56
219,Veggie Fried Rice,dinner,550.0,48.6,38.9,14.1,11.9,416.0,all,anti_inflammatory,soy,2026-03-05 16:49:56,2026-03-05 16:49:56
220,Fish Veg Plate,dinner,623.0,12.0,36.5,23.7,8.0,383.0,all,energy,milk,2026-03-05 16:49:56,2026-03-05 16:49:56
221,Chicken Sweet Potato,dinner,428.0,31.5,53.0,28.1,6.1,270.0,all,muscle_gain,soy,2026-03-05 16:49:56,2026-03-05 16:49:56
222,Beef Veg Bowl,dinner,404.0,47.1,51.7,22.9,4.2,416.0,all,high_protein,milk,2026-03-05 16:49:56,2026-03-05 16:49:56
223,Mushroom Pasta,dinner,360.0,30.8,41.1,12.7,7.9,180.0,all,anti_inflammatory,wheat,2026-03-05 16:49:56,2026-03-05 16:49:56
224,Veggie Fried Rice,dinner,424.0,46.4,58.5,14.1,6.8,343.0,all,anti_inflammatory,egg,2026-03-05 16:49:56,2026-03-05 16:49:56
225,Chicken Sweet Potato,dinner,378.0,17.9,28.9,8.2,9.3,441.0,all,anti_inflammatory,milk,2026-03-05 16:49:56,2026-03-05 16:49:56
226,Mushroom Pasta,dinner,306.0,37.3,67.2,12.0,5.7,366.0,all,high_protein,egg,2026-03-05 16:49:56,2026-03-05 16:49:56
227,Baked Cod,dinner,637.0,32.0,42.2,21.6,7.3,212.0,all,recovery,milk,2026-03-05 16:49:56,2026-03-05 16:49:56
228,Chicken Stir Fry,dinner,382.0,39.6,20.6,29.2,10.1,337.0,all,anti_inflammatory,wheat,2026-03-05 16:49:56,2026-03-05 16:49:56
229,Chickpea Spinach Stew,dinner,583.0,42.5,51.4,28.4,4.5,373.0,all,high_protein,wheat,2026-03-05 16:49:56,2026-03-05 16:49:56
230,Baked Cod,dinner,332.0,47.5,50.7,22.2,2.7,287.0,all,energy,peanut,2026-03-05 16:49:56,2026-03-05 16:49:56
231,Baked Cod,dinner,597.0,48.7,21.5,24.5,11.7,408.0,all,anti_inflammatory,fish,2026-03-05 16:49:56,2026-03-05 16:49:56
232,Chickpea Spinach Stew,dinner,330.0,20.0,64.6,5.7,7.6,244.0,all,anti_inflammatory,wheat,2026-03-05 16:49:56,2026-03-05 16:49:56
233,Chickpea Spinach Stew,dinner,559.0,22.4,24.8,12.7,11.6,243.0,all,muscle_gain,soy,2026-03-05 16:49:56,2026-03-05 16:49:56
234,Fish Veg Plate,dinner,578.0,35.4,40.1,26.8,10.6,313.0,all,muscle_gain,wheat,2026-03-05 16:49:56,2026-03-05 16:49:56
235,Lentil Curry,dinner,433.0,47.7,24.7,23.8,10.9,196.0,all,high_protein,egg,2026-03-05 16:49:56,2026-03-05 16:49:56
236,Beef Veg Bowl,dinner,312.0,17.0,42.6,9.1,9.9,246.0,all,muscle_gain,soy,2026-03-05 16:49:56,2026-03-05 16:49:56
237,Veggie Fried Rice,dinner,422.0,38.6,41.9,17.7,4.2,267.0,all,energy,egg,2026-03-05 16:49:56,2026-03-05 16:49:56
238,Grilled Salmon,dinner,336.0,38.5,54.1,11.1,10.7,391.0,all,anti_inflammatory,soy,2026-03-05 16:49:56,2026-03-05 16:49:56
239,Chickpea Spinach Stew,dinner,544.0,39.4,26.5,27.8,6.7,162.0,all,recovery,,2026-03-05 16:49:56,2026-03-05 16:49:56
240,Baked Cod,dinner,545.0,17.5,59.1,26.4,6.1,216.0,all,anti_inflammatory,fish,2026-03-05 16:49:56,2026-03-05 16:49:56
241,Tofu Veg Bowl,dinner,637.0,46.2,32.7,12.1,11.9,375.0,all,anti_inflammatory,,2026-03-05 16:49:56,2026-03-05 16:49:56
242,Fish Veg Plate,dinner,462.0,48.3,54.9,20.9,7.4,282.0,all,anti_inflammatory,wheat,2026-03-05 16:49:56,2026-03-05 16:49:56
243,Beef Veg Bowl,dinner,307.0,26.4,60.4,25.4,6.0,343.0,all,anti_inflammatory,peanut,2026-03-05 16:49:56,2026-03-05 16:49:56
244,Paneer Curry,dinner,558.0,18.8,37.7,15.2,2.5,355.0,all,anti_inflammatory,,2026-03-05 16:49:56,2026-03-05 16:49:56
245,Paneer Curry,dinner,447.0,16.8,41.9,16.1,6.0,339.0,all,high_protein,fish,2026-03-05 16:49:56,2026-03-05 16:49:56
246,Mushroom Pasta,dinner,500.0,38.6,62.6,14.0,3.9,255.0,all,energy,milk,2026-03-05 16:49:56,2026-03-05 16:49:56
247,Chicken Stir Fry,dinner,642.0,46.4,65.2,5.1,10.2,412.0,all,energy,fish,2026-03-05 16:49:56,2026-03-05 16:49:56
248,Lentil Curry,dinner,396.0,31.8,61.8,19.9,4.1,335.0,all,anti_inflammatory,,2026-03-05 16:49:56,2026-03-05 16:49:56
249,Paneer Curry,dinner,359.0,24.0,39.3,7.2,4.0,348.0,all,energy,,2026-03-05 16:49:56,2026-03-05 16:49:56
250,Turkey Meatballs,dinner,406.0,33.5,52.1,19.7,9.7,208.0,all,high_protein,egg,2026-03-05 16:49:56,2026-03-05 16:49:56
251,Paneer Curry,dinner,491.0,39.6,42.3,13.5,4.5,434.0,all,recovery,milk,2026-03-05 16:49:56,2026-03-05 16:49:56
252,Chicken Stir Fry,dinner,303.0,24.3,30.1,7.1,7.5,207.0,all,energy,soy,2026-03-05 16:49:56,2026-03-05 16:49:56
253,Paneer Curry,dinner,473.0,17.1,42.5,9.9,5.9,357.0,all,energy,fish,2026-03-05 16:49:56,2026-03-05 16:49:56
254,Grilled Salmon,dinner,300.0,13.2,66.8,11.8,8.0,309.0,all,high_protein,,2026-03-05 16:49:56,2026-03-05 16:49:56
255,Lentil Curry,dinner,513.0,31.2,54.6,22.6,5.2,417.0,all,energy,milk,2026-03-05 16:49:56,2026-03-05 16:49:56
256,Grilled Salmon,dinner,582.0,15.6,62.0,8.8,7.3,398.0,all,muscle_gain,soy,2026-03-05 16:49:56,2026-03-05 16:49:56
257,Tofu Veg Bowl,dinner,311.0,49.8,33.2,25.5,3.8,369.0,all,anti_inflammatory,,2026-03-05 16:49:56,2026-03-05 16:49:56
258,Veggie Fried Rice,dinner,386.0,31.0,34.8,20.5,11.4,394.0,all,high_protein,wheat,2026-03-05 16:49:56,2026-03-05 16:49:56
259,Fish Veg Plate,dinner,379.0,33.3,34.5,19.4,5.4,345.0,all,energy,peanut,2026-03-05 16:49:56,2026-03-05 16:49:56
260,Grilled Salmon,dinner,442.0,49.0,55.5,20.4,7.1,194.0,all,high_protein,egg,2026-03-05 16:49:56,2026-03-05 16:49:56
261,Baked Cod,dinner,639.0,38.0,33.7,15.7,2.9,381.0,all,muscle_gain,,2026-03-05 16:49:56,2026-03-05 16:49:56
262,Mushroom Pasta,dinner,582.0,43.3,25.9,10.9,9.2,189.0,all,anti_inflammatory,soy,2026-03-05 16:49:56,2026-03-05 16:49:56
263,Grilled Chicken Quinoa,dinner,572.0,18.0,58.1,13.8,6.5,394.0,all,muscle_gain,peanut,2026-03-05 16:49:56,2026-03-05 16:49:56
264,Turkey Meatballs,dinner,323.0,46.8,35.8,6.8,3.8,407.0,all,energy,milk,2026-03-05 16:49:56,2026-03-05 16:49:56
265,Paneer Curry,dinner,455.0,42.9,36.4,14.7,11.5,395.0,all,energy,soy,2026-03-05 16:49:56,2026-03-05 16:49:56
266,Chicken Sweet Potato,dinner,366.0,18.3,56.1,20.5,9.2,172.0,all,recovery,peanut,2026-03-05 16:49:56,2026-03-05 16:49:56
267,Mushroom Pasta,dinner,587.0,35.6,29.6,29.0,2.0,150.0,all,energy,soy,2026-03-05 16:49:56,2026-03-05 16:49:56
268,Chicken Sweet Potato,dinner,312.0,41.2,61.2,12.7,8.9,178.0,all,recovery,wheat,2026-03-05 16:49:56,2026-03-05 16:49:56
269,Chickpea Spinach Stew,dinner,304.0,31.3,51.7,16.6,9.9,159.0,all,anti_inflammatory,egg,2026-03-05 16:49:56,2026-03-05 16:49:56
270,Paneer Curry,dinner,642.0,38.5,56.6,24.8,5.8,365.0,all,muscle_gain,egg,2026-03-05 16:49:56,2026-03-05 16:49:56
271,Chickpea Spinach Stew,dinner,508.0,33.3,53.2,29.3,2.6,225.0,all,energy,egg,2026-03-05 16:49:56,2026-03-05 16:49:56
272,Tofu Veg Bowl,dinner,609.0,47.1,66.2,14.8,8.2,343.0,all,energy,,2026-03-05 16:49:56,2026-03-05 16:49:56
273,Tofu Veg Bowl,dinner,335.0,34.4,48.3,11.6,6.7,446.0,all,muscle_gain,egg,2026-03-05 16:49:56,2026-03-05 16:49:56
274,Grilled Chicken Quinoa,dinner,642.0,35.6,26.4,27.4,11.5,165.0,all,high_protein,wheat,2026-03-05 16:49:56,2026-03-05 16:49:56
275,Grilled Salmon,dinner,319.0,21.8,44.1,21.0,9.9,264.0,all,energy,fish,2026-03-05 16:49:56,2026-03-05 16:49:56
276,Baked Cod,dinner,496.0,44.5,49.5,19.9,5.9,200.0,all,high_protein,peanut,2026-03-05 16:49:56,2026-03-05 16:49:56
277,Chickpea Spinach Stew,dinner,303.0,26.9,57.6,28.6,7.7,160.0,all,high_protein,,2026-03-05 16:49:56,2026-03-05 16:49:56
278,Turkey Meatballs,dinner,543.0,24.6,43.0,8.0,9.7,251.0,all,high_protein,soy,2026-03-05 16:49:56,2026-03-05 16:49:56
279,Chicken Stir Fry,dinner,387.0,35.6,27.7,19.8,9.6,403.0,all,recovery,milk,2026-03-05 16:49:56,2026-03-05 16:49:56
280,Grilled Chicken Quinoa,dinner,503.0,41.4,25.3,15.9,10.4,327.0,all,recovery,,2026-03-05 16:49:56,2026-03-05 16:49:56
281,Chicken Sweet Potato,dinner,641.0,17.8,26.6,19.4,7.4,189.0,all,energy,wheat,2026-03-05 16:49:56,2026-03-05 16:49:56
282,Paneer Curry,dinner,415.0,24.5,26.4,14.3,7.0,421.0,all,anti_inflammatory,soy,2026-03-05 16:49:56,2026-03-05 16:49:56
283,Grilled Salmon,dinner,583.0,44.7,51.3,22.7,8.9,289.0,all,high_protein,wheat,2026-03-05 16:49:56,2026-03-05 16:49:56
284,Chicken Stir Fry,dinner,418.0,28.9,44.6,27.4,5.0,218.0,all,muscle_gain,milk,2026-03-05 16:49:56,2026-03-05 16:49:56
285,Paneer Curry,dinner,520.0,22.0,65.9,26.1,2.7,343.0,all,recovery,,2026-03-05 16:49:56,2026-03-05 16:49:56
286,Vegetable Curry,dinner,549.0,19.2,61.6,7.2,4.9,409.0,all,anti_inflammatory,wheat,2026-03-05 16:49:56,2026-03-05 16:49:56
287,Vegetable Curry,dinner,522.0,24.9,27.4,23.4,9.4,431.0,all,anti_inflammatory,egg,2026-03-05 16:49:56,2026-03-05 16:49:56
288,Tofu Veg Bowl,dinner,335.0,49.6,68.0,27.1,8.7,415.0,all,recovery,soy,2026-03-05 16:49:56,2026-03-05 16:49:56
289,Paneer Curry,dinner,622.0,19.1,54.2,23.4,8.9,294.0,all,muscle_gain,egg,2026-03-05 16:49:56,2026-03-05 16:49:56
290,Baked Cod,dinner,378.0,37.3,24.2,11.4,7.2,430.0,all,anti_inflammatory,soy,2026-03-05 16:49:56,2026-03-05 16:49:56
291,Chicken Sweet Potato,dinner,536.0,44.6,52.4,16.5,4.0,205.0,all,muscle_gain,egg,2026-03-05 16:49:56,2026-03-05 16:49:56
292,Veggie Fried Rice,dinner,387.0,30.9,21.7,12.3,11.8,332.0,all,high_protein,milk,2026-03-05 16:49:56,2026-03-05 16:49:56
293,Beef Veg Bowl,dinner,312.0,28.8,27.5,25.8,5.4,185.0,all,muscle_gain,egg,2026-03-05 16:49:56,2026-03-05 16:49:56
294,Tofu Veg Bowl,dinner,596.0,19.1,58.8,22.1,11.4,316.0,all,anti_inflammatory,egg,2026-03-05 16:49:56,2026-03-05 16:49:56
295,Grilled Salmon,dinner,505.0,18.0,52.9,29.4,4.7,349.0,all,muscle_gain,egg,2026-03-05 16:49:56,2026-03-05 16:49:56
296,Veggie Fried Rice,dinner,599.0,46.8,62.6,8.1,6.5,321.0,all,energy,milk,2026-03-05 16:49:56,2026-03-05 16:49:56
297,Grilled Chicken Quinoa,dinner,463.0,15.5,66.4,21.7,2.8,170.0,all,recovery,fish,2026-03-05 16:49:56,2026-03-05 16:49:56
298,Beef Veg Bowl,dinner,446.0,16.7,67.2,28.3,2.6,211.0,all,high_protein,soy,2026-03-05 16:49:56,2026-03-05 16:49:56
299,Chickpea Spinach Stew,dinner,469.0,14.2,23.5,26.0,6.7,292.0,all,recovery,peanut,2026-03-05 16:49:56,2026-03-05 16:49:56
300,Baked Cod,dinner,591.0,31.1,54.6,28.0,7.8,192.0,all,muscle_gain,egg,2026-03-05 16:49:56,2026-03-05 16:49:56
301,Turkey Meatballs,dinner,631.0,27.5,41.5,13.7,11.9,371.0,all,muscle_gain,fish,2026-03-05 16:49:56,2026-03-05 16:49:56
302,Paneer Curry,dinner,542.0,15.5,44.6,13.2,9.4,439.0,all,high_protein,soy,2026-03-05 16:49:56,2026-03-05 16:49:56
303,Tofu Veg Bowl,dinner,318.0,42.4,57.5,7.6,2.2,337.0,all,anti_inflammatory,peanut,2026-03-05 16:49:56,2026-03-05 16:49:56
304,Grilled Salmon,dinner,566.0,15.2,49.1,20.8,2.3,416.0,all,anti_inflammatory,egg,2026-03-05 16:49:56,2026-03-05 16:49:56
305,Tofu Veg Bowl,dinner,385.0,25.2,44.6,8.6,8.5,315.0,all,energy,,2026-03-05 16:49:56,2026-03-05 16:49:56
306,Paneer Curry,dinner,578.0,37.7,47.9,8.0,6.2,395.0,all,muscle_gain,wheat,2026-03-05 16:49:56,2026-03-05 16:49:56
